Q6,Q7,Q9,Q10,Q13,Q14,Q16
Yes,Never,Yes,Moderately Important,I'm worried about the safety of using electricity for taste.,Make menus clearer about salt content.,Too Bland
Sometimes,Sometimes,No,Very Important,I think it's a fascinating innovation!,Introduce spice blends that enhance flavor without salt.,Too Salty
No,Always,Yes,Not Important,I'm worried about the safety of using electricity for taste.,"Some dishes taste fine, but others really lack depth.",Too Bland
No,Always,No,Moderately Important,I think it's a fascinating innovation!,Restaurants should offer more flavorful low-sodium dishes.,Perfect
Yes,Sometimes,Yes,Very Important,I'm worried about the safety of using electricity for taste.,"Some dishes taste fine, but others really lack depth.",Too Salty
Sometimes,Always,No,Very Important,I'm not sure it would work for everyone.,Introduce spice blends that enhance flavor without salt.,Too Salty
Yes,Always,No,Moderately Important,I'm not sure it would work for everyone.,Introduce spice blends that enhance flavor without salt.,Too Bland
No,Never,No,Moderately Important,I think it's a fascinating innovation!,Restaurants should offer more flavorful low-sodium dishes.,Too Bland
No,Never,No,Moderately Important,I'm worried about the safety of using electricity for taste.,Introduce spice blends that enhance flavor without salt.,Perfect
Yes,Sometimes,Yes,Not Important,Sounds promising but needs more testing.,"Some dishes taste fine, but others really lack depth.",Too Salty
Yes,Sometimes,No,Moderately Important,I'm worried about the safety of using electricity for taste.,I often find them too bland.,Too Bland
No,Never,No,Very Important,I'm worried about the safety of using electricity for taste.,Restaurants should offer more flavorful low-sodium dishes.,Perfect
No,Sometimes,Yes,Very Important,I'm worried about the safety of using electricity for taste.,Make menus clearer about salt content.,Perfect
Yes,Sometimes,Yes,Very Important,I'm worried about the safety of using electricity for taste.,I often find them too bland.,Perfect
Sometimes,Always,Yes,Very Important,I think it's a fascinating innovation!,I often find them too bland.,Too Bland
No,Never,Yes,Moderately Important,I'm worried about the safety of using electricity for taste.,I often find them too bland.,Perfect
Sometimes,Never,Yes,Very Important,Sounds promising but needs more testing.,"Some dishes taste fine, but others really lack depth.",Perfect
Yes,Never,No,Very Important,I think it's a fascinating innovation!,Make menus clearer about salt content.,Perfect
No,Never,No,Not Important,Sounds promising but needs more testing.,Introduce spice blends that enhance flavor without salt.,Perfect
No,Sometimes,No,Moderately Important,I think it's a fascinating innovation!,Restaurants should offer more flavorful low-sodium dishes.,Too Bland
No,Sometimes,No,Moderately Important,Sounds promising but needs more testing.,Introduce spice blends that enhance flavor without salt.,Too Bland
Sometimes,Sometimes,No,Not Important,Sounds promising but needs more testing.,"Some dishes taste fine, but others really lack depth.",Too Bland
No,Always,Yes,Not Important,I'm worried about the safety of using electricity for taste.,Make menus clearer about salt content.,Too Salty
No,Sometimes,Yes,Very Important,No major concerns as long as it's approved.,Restaurants should offer more flavorful low-sodium dishes.,Too Salty
Yes,Sometimes,Yes,Very Important,No major concerns as long as it's approved.,I often find them too bland.,Too Bland
Sometimes,Sometimes,Yes,Very Important,Sounds promising but needs more testing.,Restaurants should offer more flavorful low-sodium dishes.,Too Bland
Sometimes,Always,Yes,Very Important,I think it's a fascinating innovation!,Introduce spice blends that enhance flavor without salt.,Too Bland
Sometimes,Sometimes,Yes,Moderately Important,Sounds promising but needs more testing.,Restaurants should offer more flavorful low-sodium dishes.,Too Bland
No,Never,Yes,Moderately Important,I'm worried about the safety of using electricity for taste.,Introduce spice blends that enhance flavor without salt.,Perfect
Yes,Always,Yes,Moderately Important,I'm worried about the safety of using electricity for taste.,Restaurants should offer more flavorful low-sodium dishes.,Too Bland
Yes,Always,No,Not Important,Sounds promising but needs more testing.,Make menus clearer about salt content.,Too Salty
Yes,Always,No,Not Important,I'm not sure it would work for everyone.,Make menus clearer about salt content.,Too Bland
Sometimes,Sometimes,No,Moderately Important,I think it's a fascinating innovation!,Introduce spice blends that enhance flavor without salt.,Perfect
Sometimes,Sometimes,Yes,Very Important,No major concerns as long as it's approved.,Introduce spice blends that enhance flavor without salt.,Too Bland
Sometimes,Never,No,Very Important,No major concerns as long as it's approved.,Introduce spice blends that enhance flavor without salt.,Too Bland
No,Never,Yes,Not Important,No major concerns as long as it's approved.,Restaurants should offer more flavorful low-sodium dishes.,Too Salty
No,Always,No,Moderately Important,I'm not sure it would work for everyone.,"Some dishes taste fine, but others really lack depth.",Too Bland
No,Sometimes,Yes,Not Important,No major concerns as long as it's approved.,Make menus clearer about salt content.,Too Bland
No,Sometimes,No,Moderately Important,I'm worried about the safety of using electricity for taste.,Introduce spice blends that enhance flavor without salt.,Too Bland
Sometimes,Sometimes,Yes,Moderately Important,No major concerns as long as it's approved.,Introduce spice blends that enhance flavor without salt.,Too Bland
Sometimes,Never,No,Very Important,No major concerns as long as it's approved.,Restaurants should offer more flavorful low-sodium dishes.,Too Bland
No,Sometimes,No,Not Important,I think it's a fascinating innovation!,Introduce spice blends that enhance flavor without salt.,Too Bland
Sometimes,Sometimes,Yes,Very Important,I'm not sure it would work for everyone.,Introduce spice blends that enhance flavor without salt.,Perfect
Sometimes,Always,Yes,Moderately Important,Sounds promising but needs more testing.,"Some dishes taste fine, but others really lack depth.",Perfect
Sometimes,Always,No,Very Important,I'm not sure it would work for everyone.,I often find them too bland.,Perfect
No,Never,Yes,Very Important,I think it's a fascinating innovation!,Introduce spice blends that enhance flavor without salt.,Perfect
No,Sometimes,No,Very Important,I'm not sure it would work for everyone.,Make menus clearer about salt content.,Too Bland
Sometimes,Always,Yes,Moderately Important,No major concerns as long as it's approved.,"Some dishes taste fine, but others really lack depth.",Too Bland
Sometimes,Always,Yes,Not Important,I'm worried about the safety of using electricity for taste.,"Some dishes taste fine, but others really lack depth.",Perfect
No,Always,No,Very Important,No major concerns as long as it's approved.,Introduce spice blends that enhance flavor without salt.,Perfect
